measurement_id,patient_key,case_key,time_key,label_key,nibp_sbp_mmhg,nibp_mbp_mmhg,nibp_dbp_mmhg,art_sbp_mmhg,art_mbp_mmhg,art_dbp_mmhg,heart_rate_bpm,pair_delta_seconds,error_sbp_mmhg,error_mbp_mmhg,error_dbp_mmhg
M-567-00000,PAT-2252,CASE-00567,687,A0-N0-concordant,102.0,81.0,70.0,112.0,87.0,70.0,79.0,0.0,-10.0,-6.0,0.0
M-567-00001,PAT-2252,CASE-00567,4289,A0-N0-concordant,91.0,71.0,62.0,102.0,81.0,64.0,61.0,0.0,-11.0,-10.0,-2.0
M-567-00002,PAT-2252,CASE-00567,7889,A0-N0-concordant,95.0,67.0,60.0,102.0,77.0,61.0,70.0,0.0,-7.0,-10.0,-1.0
M-567-00003,PAT-2252,CASE-00567,11483,A0-N0-concordant,137.0,102.0,84.0,133.0,105.0,80.0,82.0,0.0,4.0,-3.0,4.0
M-2738-00004,PAT-2166,CASE-02738,5144,A1-N0-discordant,84.0,66.0,60.0,99.0,61.0,46.0,81.0,0.0,-15.0,5.0,14.0
M-2738-00005,PAT-2166,CASE-02738,8749,A1-N1-concordant,91.0,57.0,46.0,104.0,55.0,37.0,81.0,0.0,-13.0,2.0,9.0
M-2738-00006,PAT-2166,CASE-02738,12341,A1-N1-concordant,84.0,61.0,52.0,90.0,57.0,45.0,101.0,0.0,-6.0,4.0,7.0
M-2738-00007,PAT-2166,CASE-02738,15953,A1-N1-concordant,66.0,42.0,36.0,60.0,44.0,32.0,85.0,0.0,6.0,-2.0,4.0
M-2738-00008,PAT-2166,CASE-02738,19548,A1-N1-concordant,86.0,58.0,46.0,86.0,59.0,44.0,96.0,0.0,0.0,-1.0,2.0
M-2738-00009,PAT-2166,CASE-02738,23146,A0-N0-concordant,111.0,70.0,48.0,104.0,72.0,48.0,92.0,0.0,7.0,-2.0,0.0
M-2738-00010,PAT-2166,CASE-02738,26744,A0-N0-concordant,109.0,73.0,56.0,107.0,72.0,51.0,99.0,0.0,2.0,1.0,5.0
M-2769-00011,PAT-5508,CASE-02769,322,A0-N0-concordant,137.0,119.0,105.0,162.0,113.0,78.0,93.0,0.0,-25.0,6.0,27.0
M-2769-00012,PAT-5508,CASE-02769,3865,A0-N0-concordant,131.0,103.0,78.0,128.0,93.0,74.0,50.0,0.0,3.0,10.0,4.0
M-2769-00013,PAT-5508,CASE-02769,7403,A0-N0-concordant,122.0,90.0,72.0,117.0,86.0,71.0,65.0,0.0,5.0,4.0,1.0
M-2769-00014,PAT-5508,CASE-02769,10998,A0-N0-concordant,132.0,93.0,69.0,127.0,92.0,79.0,68.0,0.0,5.0,1.0,-10.0
M-2769-00015,PAT-5508,CASE-02769,14634,A0-N0-concordant,129.0,117.0,105.0,177.0,133.0,96.0,107.0,0.0,-48.0,-16.0,9.0
M-4191-00016,PAT-5626,CASE-04191,743,A0-N0-concordant,125.0,93.0,67.0,137.0,98.0,76.0,59.0,0.00100000000009004,-12.0,-5.0,-9.0
M-4191-00017,PAT-5626,CASE-04191,4175,A0-N0-concordant,88.0,71.0,62.0,100.0,70.0,59.0,46.0,0.0,-12.0,1.0,3.0
M-4191-00018,PAT-5626,CASE-04191,7773,A0-N0-concordant,103.0,80.0,72.0,117.0,81.0,68.0,57.0,0.0,-14.0,-1.0,4.0
M-4191-00019,PAT-5626,CASE-04191,11375,A0-N0-concordant,98.0,78.0,64.0,110.0,80.0,68.0,61.0,0.0,-12.0,-2.0,-4.0
M-4191-00020,PAT-5626,CASE-04191,14963,A0-N0-concordant,133.0,102.0,86.0,132.0,97.0,75.0,88.0,0.0,1.0,5.0,11.0
M-4480-00021,PAT-1916,CASE-04480,473,A0-N0-concordant,151.0,110.0,85.0,177.0,119.0,91.0,96.0,0.0,-26.0,-9.0,-6.0
M-4480-00022,PAT-1916,CASE-04480,4096,A0-N0-concordant,145.0,120.0,88.0,175.0,125.0,98.0,95.0,0.0,-30.0,-5.0,-10.0
M-4480-00023,PAT-1916,CASE-04480,7662,A0-N0-concordant,142.0,119.0,96.0,159.0,114.0,88.0,80.0,0.0,-17.0,5.0,8.0
M-4974-00024,PAT-3348,CASE-04974,1781,A0-N0-concordant,94.0,71.0,59.0,92.0,70.0,53.0,65.0,0.0,2.0,1.0,6.0
M-4974-00025,PAT-3348,CASE-04974,1841,A0-N0-concordant,101.0,79.0,68.0,102.0,81.0,65.0,67.0,0.0,-1.0,-2.0,3.0
M-4974-00026,PAT-3348,CASE-04974,5103,A0-N1-discordant,81.0,57.0,48.0,107.0,73.0,59.0,89.0,0.0,-26.0,-16.0,-11.0
M-4974-00027,PAT-3348,CASE-04974,8713,A0-N1-discordant,73.0,53.0,41.0,99.0,69.0,55.0,80.0,0.0,-26.0,-16.0,-14.0
M-4974-00028,PAT-3348,CASE-04974,12302,A0-N1-discordant,83.0,62.0,43.0,113.0,77.0,61.0,84.0,0.0,-30.0,-15.0,-18.0
M-5502-00029,PAT-2440,CASE-05502,6569,A1-N0-discordant,146.0,103.0,70.0,,28.0,,72.0,0.0,,75.0,
